Feature,Importance
numeric__Speed Limit (km/h),0.04220853755760706
numeric__Driver Age,0.039616744915065366
numeric__Number of Casualties,0.03321459183200696
numeric__Number of Fatalities,0.02859044453671161
numeric__Year,0.027869607173571412
numeric__Number of Vehicles Involved,0.02538862404807824
categorical__Traffic Control Presence_Signs,0.012191980138994645
categorical__Alcohol Involvement_Yes,0.011886008462123539
categorical__Driver Gender_Female,0.011290311374735367
categorical__Driver Gender_Male,0.011253030574253847
categorical__Alcohol Involvement_No,0.011145364243023578
categorical__Road Condition_Under Construction,0.010808334799139807
categorical__Accident Location Details_Intersection,0.01053870748336121
categorical__Road Condition_Damaged,0.010450587746349382
categorical__Driver License Status_Valid,0.010395798530078009
categorical__Driver License Status_Expired,0.010353109553417313
categorical__Accident Location Details_Bridge,0.010320617553695986
categorical__Lighting Conditions_Daylight,0.010159053545784204
categorical__Accident Location Details_Straight Road,0.01003819894284189
categorical__Weather Conditions_Rainy,0.00988991789495176
categorical__Road Condition_Dry,0.009872606034798172
categorical__Road Condition_Wet,0.009797106833160422
categorical__Lighting Conditions_Dusk,0.009771076791453191
categorical__Lighting Conditions_Dawn,0.009763202737034925
categorical__Lighting Conditions_Dark,0.009706930306791199
categorical__Traffic Control Presence_Signals,0.0096980162240769
categorical__Traffic Control Presence_Police Checkpost,0.009561728812606626
categorical__Accident Location Details_Curve,0.00951162244533071
categorical__Road Type_State Highway,0.009350943174582804
categorical__City Name_Unknown,0.009256916032998837
categorical__Road Type_Village Road,0.00924317078970064
categorical__Weather Conditions_Stormy,0.009091765757495748
categorical__Road Type_National Highway,0.009002615167909676
categorical__Weather Conditions_Hazy,0.00897167687096972
categorical__Weather Conditions_Clear,0.008919486388909272
categorical__Weather Conditions_Foggy,0.00883265241624839
categorical__Road Type_Urban Road,0.008671274860243631
categorical__Day of Week_Wednesday,0.008612517600055733
categorical__Day of Week_Monday,0.008209366268765403
categorical__Day of Week_Thursday,0.008103366737808967
categorical__Day of Week_Tuesday,0.00800125695776894
categorical__Day of Week_Saturday,0.00795668038766706
categorical__Vehicle Type Involved_Two-Wheeler,0.007931326689344941
categorical__Vehicle Type Involved_Cycle,0.007919195511019186
categorical__Vehicle Type Involved_Truck,0.007918464156871183
categorical__Day of Week_Friday,0.0078384943972693
categorical__Day of Week_Sunday,0.007608800201457922
categorical__Vehicle Type Involved_Auto-Rickshaw,0.007606011355454448
categorical__Vehicle Type Involved_Bus,0.0075420584178227815
categorical__Vehicle Type Involved_Pedestrian,0.0075230000230085015
categorical__Vehicle Type Involved_Car,0.007476344818585295
categorical__Month_March,0.006448711049607323
categorical__Month_January,0.00625297117602943
categorical__Month_August,0.006089884794174268
categorical__Month_November,0.005953298730883293
categorical__Month_October,0.005936091696667436
categorical__Month_April,0.005912404987352116
categorical__Month_December,0.0058888248193669605
categorical__Month_September,0.005845260392966576
categorical__Month_February,0.005697220035217424
categorical__Month_July,0.005691434632912615
categorical__Month_June,0.00568391280452456
categorical__Month_May,0.005604412426157588
categorical__State Name_Sikkim,0.0038533649786122535
categorical__State Name_Kerala,0.003762922102130648
categorical__State Name_Goa,0.0036076750392391495
categorical__State Name_Jharkhand,0.003554722623158338
categorical__State Name_Punjab,0.003524338478705369
categorical__State Name_Haryana,0.003434877529324329
categorical__State Name_Puducherry,0.0033377736086743558
categorical__State Name_Uttarakhand,0.0032800743772907976
categorical__State Name_Manipur,0.003260885364010927
categorical__State Name_Nagaland,0.0032475761467042853
categorical__State Name_Odisha,0.003247188064748758
categorical__State Name_Meghalaya,0.0032471771562695415
categorical__State Name_Mizoram,0.0032365067281808426
categorical__State Name_Assam,0.0031949973910596597
categorical__State Name_Himachal Pradesh,0.0031595069487061174
categorical__State Name_Madhya Pradesh,0.003121325198081096
categorical__State Name_Telangana,0.003092426548664666
categorical__State Name_Karnataka,0.003059578787873207
categorical__State Name_Chandigarh,0.0030388814600652288
categorical__State Name_Jammu and Kashmir,0.003003797287748131
categorical__State Name_Tripura,0.002972486817402235
categorical__State Name_Arunachal Pradesh,0.0029152055241067534
categorical__State Name_Delhi,0.002905303225183826
categorical__State Name_West Bengal,0.0029035073847846656
categorical__State Name_Uttar Pradesh,0.0028655696669297554
categorical__State Name_Gujarat,0.0028623768755619665
categorical__State Name_Andhra Pradesh,0.002820740616556044
categorical__State Name_Chhattisgarh,0.0027926546839903447
categorical__State Name_Maharashtra,0.0027545786283208777
categorical__State Name_Tamil Nadu,0.002713124099373112
categorical__State Name_Bihar,0.00269809963602479
categorical__State Name_Rajasthan,0.0025931877447559104
categorical__City Name_New Delhi,0.0017652638413003185
categorical__City Name_Lucknow,0.0017330686894080427
categorical__City Name_Dwarka,0.0015159386121545496
categorical__City Name_Tirupati,0.0015105526639532234
categorical__City Name_Durgapur,0.0014701233899222846
categorical__City Name_Coimbatore,0.0014455706192649076
categorical__City Name_Surat,0.001437066165284068
categorical__City Name_Jodhpur,0.0013997843919575288
categorical__City Name_Varanasi,0.0013949401869297739
categorical__City Name_Udaipur,0.001391033557190548
categorical__City Name_Siliguri,0.001380945695266122
categorical__City Name_Mysore,0.0013641846187654374
categorical__City Name_Kanpur,0.00134147405347282
categorical__City Name_Bangalore,0.001269208673040521
categorical__City Name_Kolkata,0.0012677588597967107
categorical__City Name_Visakhapatnam,0.0012463766570167264
categorical__City Name_Pune,0.001224661124128121
categorical__City Name_Vijayawada,0.0012039266176927068
categorical__City Name_Madurai,0.0011950286392665274
categorical__City Name_Ahmedabad,0.0011770863790350249
categorical__City Name_Jaipur,0.0011660875644577508
categorical__City Name_Vadodara,0.0011654627212462159
categorical__City Name_Mumbai,0.001089849918633807
categorical__City Name_Mangalore,0.0010898175019587166
categorical__City Name_Nagpur,0.001078476152123572
categorical__City Name_Chennai,0.00106719390497077
categorical__City Name_Rohini,0.0009685885944348738
categorical__Time of Day_16:38,0.0008023943947454336
categorical__Time of Day_13:27,0.0005905792382634841
categorical__Time of Day_17:9,0.0005735426153418299
categorical__Time of Day_3:40,0.0005517774316197364
categorical__Time of Day_23:32,0.0005392970140702836
categorical__Time of Day_6:1,0.0005333759280363709
categorical__Time of Day_13:31,0.0005111278558314424
categorical__Time of Day_17:55,0.0004996114986973415
categorical__Time of Day_22:37,0.0004981943353572101
categorical__Time of Day_15:19,0.000475716177904377
categorical__Time of Day_21:52,0.00046926721103215577
categorical__Time of Day_14:16,0.0004664240368905316
categorical__Time of Day_3:43,0.0004460726867353714
categorical__Time of Day_12:6,0.0004404138179719889
categorical__Time of Day_20:31,0.00043936730939313646
categorical__Time of Day_14:33,0.0004338189547444132
categorical__Time of Day_20:41,0.00043285731408592245
categorical__Time of Day_11:33,0.00043092255375339083
categorical__Time of Day_5:7,0.0004273733406733103
categorical__Time of Day_6:32,0.00042463430219563214
categorical__Time of Day_7:25,0.00041820999406460576
categorical__Time of Day_18:24,0.00041540909228273846
categorical__Time of Day_6:45,0.0004086126562447652
categorical__Time of Day_21:37,0.00040472357948229484
categorical__Time of Day_21:34,0.00040235739059971533
categorical__Time of Day_16:37,0.0004011440140636543
categorical__Time of Day_8:52,0.00039440847710226553
categorical__Time of Day_8:27,0.00038364482456059384
categorical__Time of Day_2:30,0.0003814876769319357
categorical__Time of Day_12:58,0.0003795796088226993
categorical__Time of Day_5:29,0.0003778077078684151
categorical__Time of Day_13:6,0.00037560784563449393
categorical__Time of Day_11:10,0.0003755447126581387
categorical__Time of Day_1:18,0.0003713270561533281
categorical__Time of Day_16:7,0.0003711876168663672
categorical__Time of Day_8:6,0.00036691092422420647
categorical__Time of Day_14:23,0.0003653526518420787
categorical__Time of Day_8:34,0.0003648183402698456
categorical__Time of Day_4:55,0.0003615120961325671
categorical__Time of Day_17:33,0.0003571528703653759
categorical__Time of Day_21:54,0.00035537326865881956
categorical__Time of Day_4:53,0.00035404013735522227
categorical__Time of Day_1:25,0.0003503303599370663
categorical__Time of Day_7:21,0.00034680484667288646
categorical__Time of Day_15:42,0.0003447499559197631
categorical__Time of Day_13:47,0.00034390987522505757
categorical__Time of Day_19:43,0.00034225713558293686
categorical__Time of Day_19:51,0.000341357459386735
categorical__Time of Day_0:37,0.0003407174859481382
categorical__Time of Day_5:0,0.0003405438599288924
categorical__Time of Day_17:25,0.00033927694678349265
categorical__Time of Day_0:5,0.00033907202907891397
categorical__Time of Day_2:43,0.0003365741592942516
categorical__Time of Day_7:41,0.00033568243578973976
categorical__Time of Day_2:36,0.0003351416243800478
categorical__Time of Day_0:49,0.0003347628535687669
categorical__Time of Day_11:58,0.0003344472163379222
categorical__Time of Day_0:6,0.00033330219220758535
categorical__Time of Day_6:42,0.00033281805870573214
categorical__Time of Day_17:37,0.00033241723815108295
categorical__Time of Day_3:29,0.0003297230470480735
categorical__Time of Day_22:19,0.00032517470256383
categorical__Time of Day_16:30,0.0003245421825515157
categorical__Time of Day_23:1,0.0003243852861964642
categorical__Time of Day_5:49,0.00032093270381520654
categorical__Time of Day_4:30,0.0003206428469547705
categorical__Time of Day_22:16,0.000320582659965861
categorical__Time of Day_1:7,0.0003201891895063059
categorical__Time of Day_0:13,0.00031794148920439067
categorical__Time of Day_12:31,0.000315810079926874
categorical__Time of Day_0:54,0.0003157568911522181
categorical__Time of Day_15:14,0.00031439019875655527
categorical__Time of Day_8:12,0.0003137718804805385
categorical__Time of Day_8:7,0.0003136347281614358
categorical__Time of Day_15:38,0.000313014503614766
categorical__Time of Day_8:14,0.00031204240899276533
categorical__Time of Day_16:43,0.00031201728244012976
categorical__Time of Day_14:20,0.00031192345235262273
categorical__Time of Day_10:57,0.0003086275873317775
categorical__Time of Day_2:12,0.0003083587615590052
categorical__Time of Day_20:23,0.0003069648312763931
categorical__Time of Day_11:9,0.00030446594275918487
categorical__Time of Day_14:54,0.00030315806094441904
categorical__Time of Day_9:38,0.0003024414196134289
categorical__Time of Day_11:32,0.0002990530082529179
categorical__Time of Day_11:29,0.0002989723799512861
categorical__Time of Day_3:5,0.000298725639714156
categorical__Time of Day_7:37,0.00029826596538905047
categorical__Time of Day_10:34,0.0002980942748243878
categorical__Time of Day_7:15,0.00029750238688742493
categorical__Time of Day_4:58,0.000296880449757674
categorical__Time of Day_2:51,0.0002958737627168455
categorical__Time of Day_21:32,0.00029459976443727047
categorical__Time of Day_5:34,0.00029428918538758423
categorical__Time of Day_11:39,0.00029316973647388375
categorical__Time of Day_8:45,0.00029303413248856733
categorical__Time of Day_7:39,0.00029284559066185435
categorical__Time of Day_15:22,0.00028989147662971776
categorical__Time of Day_2:3,0.00028750153089546925
categorical__Time of Day_21:18,0.00028657465590920683
categorical__Time of Day_23:33,0.0002857978579940771
categorical__Time of Day_22:52,0.0002850969950902233
categorical__Time of Day_4:8,0.0002849239747562801
categorical__Time of Day_4:34,0.00028348820435350404
categorical__Time of Day_3:52,0.00028324456434038257
categorical__Time of Day_17:21,0.000282556172743583
categorical__Time of Day_21:7,0.0002820962533679643
categorical__Time of Day_10:52,0.0002816986113622015
categorical__Time of Day_2:24,0.0002816861037164829
categorical__Time of Day_6:33,0.00028156848309208847
categorical__Time of Day_1:52,0.0002802002571854096
categorical__Time of Day_20:27,0.0002787119695683898
categorical__Time of Day_8:1,0.0002782699101442904
categorical__Time of Day_16:40,0.000277430726457171
categorical__Time of Day_20:12,0.0002771689389524315
categorical__Time of Day_23:48,0.00027715417029606365
categorical__Time of Day_11:52,0.00027536351277509293
categorical__Time of Day_7:47,0.00027347686313611047
categorical__Time of Day_20:34,0.00027300445071707177
categorical__Time of Day_6:37,0.00027176261166703375
categorical__Time of Day_0:14,0.0002717258234345281
categorical__Time of Day_7:34,0.00027038630483455404
categorical__Time of Day_14:58,0.00026931269208370237
categorical__Time of Day_23:34,0.0002688970640421672
categorical__Time of Day_3:41,0.0002688671571912171
categorical__Time of Day_13:7,0.00026690170917454407
categorical__Time of Day_9:33,0.0002667192606447317
categorical__Time of Day_10:51,0.0002648318556910874
categorical__Time of Day_19:11,0.0002628532571874523
categorical__Time of Day_10:24,0.0002625077732409281
categorical__Time of Day_3:27,0.0002617292486360655
categorical__Time of Day_18:55,0.00026112544584193137
categorical__Time of Day_1:3,0.0002609714355754213
categorical__Time of Day_7:27,0.0002605578054110625
categorical__Time of Day_14:14,0.0002604332594144207
categorical__Time of Day_22:25,0.00025983781500343064
categorical__Time of Day_4:25,0.00025832858281219737
categorical__Time of Day_10:4,0.0002581365610008168
categorical__Time of Day_22:10,0.0002573945569903939
categorical__Time of Day_21:45,0.00025732227342406696
categorical__Time of Day_12:7,0.00025720384494336913
categorical__Time of Day_17:7,0.00025712063851067126
categorical__Time of Day_19:28,0.00025629494184271353
categorical__Time of Day_2:56,0.0002528055661839668
categorical__Time of Day_17:29,0.00025276288900826193
categorical__Time of Day_9:7,0.0002519099728997333
categorical__Time of Day_7:53,0.0002517818625622557
categorical__Time of Day_19:57,0.0002516114487199145
categorical__Time of Day_3:46,0.0002515933577526698
categorical__Time of Day_18:37,0.00025072083362271704
categorical__Time of Day_0:43,0.0002495663765014409
categorical__Time of Day_12:26,0.0002494098671990934
categorical__Time of Day_22:41,0.00024862858107878067
categorical__Time of Day_9:16,0.0002479254774626556
categorical__Time of Day_1:19,0.0002473564963609964
categorical__Time of Day_12:46,0.0002465927637400356
categorical__Time of Day_21:24,0.00024641775335309174
categorical__Time of Day_10:13,0.0002463665239194229
categorical__Time of Day_20:13,0.00024553982391188156
categorical__Time of Day_12:50,0.0002455021852939486
categorical__Time of Day_0:31,0.0002453948999828037
categorical__Time of Day_20:38,0.00024534212313188344
categorical__Time of Day_7:49,0.00024408106176773014
categorical__Time of Day_23:16,0.00024401587546268096
categorical__Time of Day_20:56,0.00024378314684504735
categorical__Time of Day_8:29,0.00024326972042871872
categorical__Time of Day_20:47,0.0002420944481406161
categorical__Time of Day_19:34,0.00024187316391956472
categorical__Time of Day_10:10,0.00024182281101123556
categorical__Time of Day_14:39,0.00024087554566023115
categorical__Time of Day_21:33,0.00024018688331026533
categorical__Time of Day_1:43,0.00024014819848527998
categorical__Time of Day_3:58,0.00023946313443555704
categorical__Time of Day_5:8,0.00023842076516087572
categorical__Time of Day_10:22,0.00023813495262623019
categorical__Time of Day_20:0,0.0002378415863088331
categorical__Time of Day_13:11,0.00023764822024167838
categorical__Time of Day_20:7,0.00023716480154970584
categorical__Time of Day_2:46,0.00023685188993363834
categorical__Time of Day_5:14,0.00023682935111794324
categorical__Time of Day_17:10,0.00023664524027091849
categorical__Time of Day_19:9,0.00023595548002663648
categorical__Time of Day_2:32,0.000235758711210867
categorical__Time of Day_0:28,0.0002357042707747196
categorical__Time of Day_11:21,0.00023486709089366617
categorical__Time of Day_15:16,0.00023436863896382322
categorical__Time of Day_17:0,0.00023426886722873537
categorical__Time of Day_4:27,0.00023409285625355773
categorical__Time of Day_12:47,0.00023407460586495496
categorical__Time of Day_16:53,0.0002340123403197281
categorical__Time of Day_4:10,0.000233851894425554
categorical__Time of Day_5:53,0.0002326957741945283
categorical__Time of Day_3:28,0.0002326253778110952
categorical__Time of Day_18:51,0.00023210968698873856
categorical__Time of Day_2:35,0.00023176060433298764
categorical__Time of Day_16:29,0.00023169373864453707
categorical__Time of Day_1:4,0.0002314967222769843
categorical__Time of Day_8:8,0.00023120804683869373
categorical__Time of Day_22:11,0.00023034713730024094
categorical__Time of Day_8:53,0.00023031043180458548
categorical__Time of Day_9:44,0.00022995566466279708
categorical__Time of Day_3:6,0.0002297894750185208
categorical__Time of Day_6:30,0.00022957304678996714
categorical__Time of Day_6:12,0.0002287352432079349
categorical__Time of Day_11:11,0.00022838262382083435
categorical__Time of Day_22:36,0.00022752646755233152
categorical__Time of Day_19:40,0.00022697023696159773
categorical__Time of Day_14:45,0.00022619394127773986
categorical__Time of Day_11:17,0.00022523593940833474
categorical__Time of Day_9:39,0.00022518300549996735
categorical__Time of Day_15:48,0.000223877750227782
categorical__Time of Day_4:41,0.00022385679095441254
categorical__Time of Day_5:18,0.00022371359263472515
categorical__Time of Day_22:35,0.00022351091570384872
categorical__Time of Day_12:57,0.00022344016797502982
categorical__Time of Day_19:32,0.00022324602685679218
categorical__Time of Day_1:56,0.00022303830520345789
categorical__Time of Day_1:39,0.00022298108422262185
categorical__Time of Day_5:46,0.00022281094019911958
categorical__Time of Day_9:54,0.0002227326419555047
categorical__Time of Day_19:59,0.00022249435042861565
categorical__Time of Day_20:40,0.00022208210627507435
categorical__Time of Day_1:37,0.00022173792042307647
categorical__Time of Day_2:18,0.00022097326345720504
categorical__Time of Day_21:42,0.00022085653388018042
categorical__Time of Day_13:46,0.00022044821183515528
categorical__Time of Day_19:29,0.00022017086496793032
categorical__Time of Day_22:53,0.00021940709350654498
categorical__Time of Day_4:35,0.0002193610268192684
categorical__Time of Day_13:41,0.00021854489390355696
categorical__Time of Day_0:0,0.00021784538667752492
categorical__Time of Day_3:54,0.000217394965655326
categorical__Time of Day_11:42,0.00021639767405625472
categorical__Time of Day_22:24,0.0002163006370392008
categorical__Time of Day_0:21,0.00021615274312371762
categorical__Time of Day_16:12,0.00021598736381715032
categorical__Time of Day_1:8,0.0002154204374383886
categorical__Time of Day_6:44,0.00021526852152638963
categorical__Time of Day_16:20,0.00021431824355937708
categorical__Time of Day_4:19,0.00021413436135616425
categorical__Time of Day_23:18,0.00021378956467287664
categorical__Time of Day_22:18,0.0002136373418372195
categorical__Time of Day_13:37,0.0002122873052907864
categorical__Time of Day_19:12,0.00021189180131612757
categorical__Time of Day_10:45,0.00021166540069487213
categorical__Time of Day_18:48,0.0002105199053431937
categorical__Time of Day_4:43,0.00020951590291972663
categorical__Time of Day_23:7,0.0002093991299960421
categorical__Time of Day_2:54,0.00020908248921127175
categorical__Time of Day_21:12,0.00020878743930110812
categorical__Time of Day_11:49,0.0002086104374956801
categorical__Time of Day_10:23,0.0002085445412220126
categorical__Time of Day_17:38,0.00020833079081379973
categorical__Time of Day_22:23,0.00020831633471953947
categorical__Time of Day_10:0,0.00020819602978639125
categorical__Time of Day_18:8,0.00020815609481799702
categorical__Time of Day_5:26,0.0002077794064894813
categorical__Time of Day_0:39,0.0002074530123685213
categorical__Time of Day_6:29,0.00020725540185854977
categorical__Time of Day_16:3,0.0002071081775050741
categorical__Time of Day_16:44,0.000207084063144278
categorical__Time of Day_7:42,0.00020701858307944348
categorical__Time of Day_22:34,0.00020677665337778234
categorical__Time of Day_14:3,0.00020590594126438017
categorical__Time of Day_6:6,0.00020532984197722262
categorical__Time of Day_23:57,0.00020501053469196235
categorical__Time of Day_5:40,0.00020455769331666042
categorical__Time of Day_0:41,0.0002045221772527824
categorical__Time of Day_22:17,0.0002043440972752318
categorical__Time of Day_17:16,0.00020419838750697345
categorical__Time of Day_18:10,0.00020411273727516784
categorical__Time of Day_10:31,0.000204043951153138
categorical__Time of Day_10:26,0.00020392715644946337
categorical__Time of Day_3:42,0.00020343622258601704
categorical__Time of Day_10:36,0.00020290719804263633
categorical__Time of Day_17:45,0.00020284097146445177
categorical__Time of Day_5:22,0.00020261963481798756
categorical__Time of Day_15:25,0.00020255476880762802
categorical__Time of Day_13:23,0.00020242744474848487
categorical__Time of Day_4:39,0.000202277665822618
categorical__Time of Day_10:47,0.00020215009233186737
categorical__Time of Day_6:53,0.00020205157637546674
categorical__Time of Day_7:6,0.00020109550121996452
categorical__Time of Day_9:6,0.00020108728863441226
categorical__Time of Day_5:5,0.00020079456208829227
categorical__Time of Day_14:42,0.00020076468589015774
categorical__Time of Day_15:40,0.00020017625482462233
categorical__Time of Day_23:17,0.0001998860865393236
categorical__Time of Day_5:52,0.00019976436082359613
categorical__Time of Day_1:5,0.00019973730243686945
categorical__Time of Day_11:2,0.00019956735041572383
categorical__Time of Day_13:32,0.00019951741984323623
categorical__Time of Day_6:17,0.00019908240412403816
categorical__Time of Day_19:23,0.00019895274654396856
categorical__Time of Day_20:55,0.00019842799282578327
categorical__Time of Day_9:50,0.00019842739884013495
categorical__Time of Day_7:52,0.00019836991213563525
categorical__Time of Day_23:6,0.0001982137780159527
categorical__Time of Day_17:59,0.00019803823728587334
categorical__Time of Day_6:39,0.00019713257393584206
categorical__Time of Day_3:50,0.00019685959123717537
categorical__Time of Day_17:30,0.00019668090349470122
categorical__Time of Day_7:2,0.00019601070425931188
categorical__Time of Day_4:3,0.0001953942847009557
categorical__Time of Day_8:15,0.00019526107846263977
categorical__Time of Day_9:30,0.00019520038504499608
categorical__Time of Day_2:4,0.00019517859447210434
categorical__Time of Day_14:5,0.0001941006077779137
categorical__Time of Day_1:23,0.00019378737766905993
categorical__Time of Day_17:17,0.00019320842349525462
categorical__Time of Day_9:22,0.00019300101125000412
categorical__Time of Day_2:28,0.00019261058387293542
categorical__Time of Day_18:47,0.00019210425867966437
categorical__Time of Day_1:10,0.00019208009016802882
categorical__Time of Day_1:51,0.0001918800628935432
categorical__Time of Day_16:24,0.00019016532169890865
categorical__Time of Day_15:5,0.00019008982263316146
categorical__Time of Day_6:3,0.0001897479412745069
categorical__Time of Day_0:25,0.00018973506565894417
categorical__Time of Day_20:15,0.00018971966980688447
categorical__Time of Day_18:17,0.00018962167846487367
categorical__Time of Day_15:54,0.0001889219736521404
categorical__Time of Day_8:38,0.00018886005398541217
categorical__Time of Day_7:19,0.0001888201210343372
categorical__Time of Day_3:35,0.00018862541980618503
categorical__Time of Day_13:29,0.0001884815849989767
categorical__Time of Day_19:24,0.00018841611317498445
categorical__Time of Day_19:19,0.00018832462722256923
categorical__Time of Day_23:54,0.0001883016054851837
categorical__Time of Day_1:6,0.000187745479939913
categorical__Time of Day_12:36,0.00018764166084882925
categorical__Time of Day_10:14,0.00018700849839510953
categorical__Time of Day_14:59,0.0001866259006514495
categorical__Time of Day_14:43,0.000186621863364979
categorical__Time of Day_4:24,0.00018650605165450014
categorical__Time of Day_2:53,0.00018625446650075316
categorical__Time of Day_7:9,0.00018597788900655168
categorical__Time of Day_5:4,0.0001857340718004022
categorical__Time of Day_13:26,0.00018562563353396097
categorical__Time of Day_8:0,0.0001855036786604335
categorical__Time of Day_4:54,0.0001853544026095629
categorical__Time of Day_6:22,0.00018531047236274644
categorical__Time of Day_12:3,0.00018527873120917896
categorical__Time of Day_3:23,0.00018488442146474628
categorical__Time of Day_12:43,0.0001847593916739337
categorical__Time of Day_23:30,0.00018462255484176884
categorical__Time of Day_17:41,0.00018454647731501627
categorical__Time of Day_6:41,0.00018444240040369487
categorical__Time of Day_2:55,0.00018423081398850064
categorical__Time of Day_15:12,0.00018370811800872162
categorical__Time of Day_8:30,0.00018326104430511084
categorical__Time of Day_5:43,0.00018284258336152007
categorical__Time of Day_16:22,0.000182754412579366
categorical__Time of Day_14:7,0.00018274703345384633
categorical__Time of Day_14:0,0.0001825754639004653
categorical__Time of Day_23:44,0.00018237512685959908
categorical__Time of Day_9:52,0.00018193805568510833
categorical__Time of Day_6:58,0.00018176735981298097
categorical__Time of Day_18:16,0.00018158385457713743
categorical__Time of Day_20:2,0.0001808541798999028
categorical__Time of Day_6:36,0.00018044854624118628
categorical__Time of Day_9:8,0.00018028675063014207
categorical__Time of Day_12:17,0.00018028199313820648
categorical__Time of Day_17:31,0.00017993230962616173
categorical__Time of Day_2:14,0.0001798044978502317
categorical__Time of Day_5:35,0.00017965291529493298
categorical__Time of Day_12:32,0.00017964335142118572
categorical__Time of Day_7:43,0.00017872299466045895
categorical__Time of Day_0:11,0.0001784623515896914
categorical__Time of Day_5:20,0.00017823767885612914
categorical__Time of Day_23:12,0.0001780959019979442
categorical__Time of Day_10:18,0.0001780853249894393
categorical__Time of Day_22:57,0.00017754413395967353
categorical__Time of Day_12:12,0.00017732283313926422
categorical__Time of Day_0:22,0.00017668131822302092
categorical__Time of Day_16:27,0.000176621856063457
categorical__Time of Day_17:40,0.00017591316791576176
categorical__Time of Day_5:24,0.00017572560278830902
categorical__Time of Day_2:27,0.00017570057611184984
categorical__Time of Day_22:27,0.00017521160406984632
categorical__Time of Day_18:33,0.0001750816182335102
categorical__Time of Day_15:33,0.00017486483989548579
categorical__Time of Day_21:14,0.00017443542242934426
categorical__Time of Day_13:4,0.0001740352701427545
categorical__Time of Day_8:10,0.00017391718692010314
categorical__Time of Day_6:50,0.00017357472037957851
categorical__Time of Day_12:41,0.00017353932130005948
categorical__Time of Day_4:22,0.00017333837159131085
categorical__Time of Day_6:0,0.0001732742900735208
categorical__Time of Day_15:59,0.00017277552189045136
categorical__Time of Day_10:20,0.00017238244367551923
categorical__Time of Day_18:23,0.00017214555862920207
categorical__Time of Day_22:33,0.0001719481588584065
categorical__Time of Day_2:42,0.00017106443041861878
categorical__Time of Day_19:54,0.00017035760764094518
categorical__Time of Day_8:16,0.00016972214145705405
categorical__Time of Day_2:7,0.00016938758413669231
categorical__Time of Day_12:56,0.00016926775608610203
categorical__Time of Day_5:36,0.0001691124963796987
categorical__Time of Day_13:56,0.00016893128044975165
categorical__Time of Day_19:42,0.0001685643129304854
categorical__Time of Day_19:33,0.00016768670134114912
categorical__Time of Day_12:40,0.00016764826203595772
categorical__Time of Day_5:2,0.000167607823713826
categorical__Time of Day_18:57,0.0001675783508817633
categorical__Time of Day_13:28,0.0001672269074942448
categorical__Time of Day_6:31,0.00016698966076274358
categorical__Time of Day_20:44,0.0001669850055426911
categorical__Time of Day_10:32,0.00016690670377742388
categorical__Time of Day_12:45,0.00016656139762079858
categorical__Time of Day_7:38,0.0001663919798710185
categorical__Time of Day_3:33,0.0001663232853822106
categorical__Time of Day_5:37,0.00016593486606273494
categorical__Time of Day_6:55,0.00016574546439935084
categorical__Time of Day_9:13,0.0001654234739342707
categorical__Time of Day_19:26,0.0001652214458758485
categorical__Time of Day_7:57,0.00016518490367817816
categorical__Time of Day_7:51,0.00016492280326321695
categorical__Time of Day_5:15,0.00016491693598399664
categorical__Time of Day_11:48,0.000163954856951048
categorical__Time of Day_8:59,0.00016395013252585447
categorical__Time of Day_2:21,0.00016389998891127832
categorical__Time of Day_11:56,0.00016368333887823873
categorical__Time of Day_22:40,0.00016341010623684355
categorical__Time of Day_14:47,0.00016289192648676334
categorical__Time of Day_9:58,0.00016276846511143364
categorical__Time of Day_21:1,0.00016264365937368659
categorical__Time of Day_14:10,0.00016248784771901535
categorical__Time of Day_8:9,0.0001624764251223621
categorical__Time of Day_16:25,0.0001620202489412328
categorical__Time of Day_22:5,0.00016163861865413153
categorical__Time of Day_22:7,0.0001614770403313246
categorical__Time of Day_16:19,0.0001613450752989649
categorical__Time of Day_15:18,0.00016129452743608434
categorical__Time of Day_22:58,0.0001610505986052827
categorical__Time of Day_13:38,0.000160997927646185
categorical__Time of Day_10:38,0.00016082756897013362
categorical__Time of Day_14:30,0.00016019977689279077
categorical__Time of Day_15:1,0.0001600922620686464
categorical__Time of Day_3:49,0.00015978336533393388
categorical__Time of Day_11:28,0.00015968819154258746
categorical__Time of Day_0:32,0.0001595189758095356
categorical__Time of Day_18:49,0.00015943725849775013
categorical__Time of Day_7:24,0.00015933825012512067
categorical__Time of Day_9:47,0.00015930055849957696
categorical__Time of Day_13:30,0.0001591368808593741
categorical__Time of Day_11:19,0.0001589740348310181
categorical__Time of Day_3:10,0.0001587155141767453
categorical__Time of Day_13:16,0.00015846296641430286
categorical__Time of Day_16:28,0.00015839329882806635
categorical__Time of Day_6:13,0.00015831776300240057
categorical__Time of Day_16:58,0.0001582028746959072
categorical__Time of Day_14:12,0.0001579148601540552
categorical__Time of Day_16:57,0.00015782997914257475
categorical__Time of Day_0:18,0.00015763107364921664
categorical__Time of Day_14:53,0.00015745767570593847
categorical__Time of Day_11:24,0.00015742679757536768
categorical__Time of Day_10:42,0.00015706439245152906
categorical__Time of Day_20:5,0.0001570544964434162
categorical__Time of Day_0:34,0.00015702875253765445
categorical__Time of Day_23:43,0.000156906133765962
categorical__Time of Day_12:0,0.0001568415332914535
categorical__Time of Day_11:16,0.000156680911858084
categorical__Time of Day_13:40,0.00015646734045854347
categorical__Time of Day_10:2,0.0001563281799040208
categorical__Time of Day_20:26,0.00015604349953632945
categorical__Time of Day_20:19,0.00015570343997551076
categorical__Time of Day_10:54,0.00015517860800464856
categorical__Time of Day_22:38,0.00015509630201099116
categorical__Time of Day_19:1,0.00015504807778453047
categorical__Time of Day_3:39,0.00015472686546978776
categorical__Time of Day_22:13,0.0001545879730492584
categorical__Time of Day_13:9,0.00015441392759429234
categorical__Time of Day_20:21,0.00015429187711405072
categorical__Time of Day_3:36,0.00015428038862378066
categorical__Time of Day_7:1,0.0001541554287058667
categorical__Time of Day_12:22,0.00015361429238850923
categorical__Time of Day_17:47,0.00015354939343322857
categorical__Time of Day_1:27,0.00015329190322608806
categorical__Time of Day_12:28,0.00015320186824394207
categorical__Time of Day_21:48,0.00015308376758839309
categorical__Time of Day_4:2,0.00015251314668588683
categorical__Time of Day_1:36,0.0001523892960408655
categorical__Time of Day_6:48,0.00015236703638184042
categorical__Time of Day_9:21,0.00015200623025867107
categorical__Time of Day_9:18,0.0001511834491490251
categorical__Time of Day_11:23,0.00015083643375634768
categorical__Time of Day_19:22,0.00015068136687385863
categorical__Time of Day_9:3,0.0001504809706892799
categorical__Time of Day_21:28,0.000150428200145015
categorical__Time of Day_7:5,0.00015024160849079032
categorical__Time of Day_6:46,0.00015020127899171534
categorical__Time of Day_16:0,0.0001501988674983112
categorical__Time of Day_3:11,0.0001501184123245002
categorical__Time of Day_19:55,0.00014978404821131615
categorical__Time of Day_22:15,0.00014957272300055433
categorical__Time of Day_21:5,0.00014942042530869076
categorical__Time of Day_16:4,0.0001493602852093933
categorical__Time of Day_9:35,0.00014933793849651828
categorical__Time of Day_21:47,0.00014932093410828612
categorical__Time of Day_16:49,0.00014866186998385806
categorical__Time of Day_2:40,0.0001486344717833378
categorical__Time of Day_3:25,0.0001484706837201973
categorical__Time of Day_9:40,0.00014808230395094564
categorical__Time of Day_10:6,0.00014794299523518322
categorical__Time of Day_22:8,0.0001476789723020063
categorical__Time of Day_0:58,0.0001472571989744774
categorical__Time of Day_1:38,0.0001471451400771746
categorical__Time of Day_13:17,0.00014690422645526264
categorical__Time of Day_13:54,0.00014687569220540907
categorical__Time of Day_20:29,0.00014676696300935983
categorical__Time of Day_12:52,0.0001465936344007128
categorical__Time of Day_12:5,0.00014647270661198814
categorical__Time of Day_10:48,0.0001461612451705757
categorical__Time of Day_5:39,0.00014613163182421296
categorical__Time of Day_22:43,0.0001461299428631215
categorical__Time of Day_0:26,0.00014606967800906545
categorical__Time of Day_15:17,0.00014581095469262366
categorical__Time of Day_8:32,0.0001452160631178363
categorical__Time of Day_12:25,0.0001450036803492682
categorical__Time of Day_13:19,0.00014474398005504785
categorical__Time of Day_3:32,0.00014471487884072144
categorical__Time of Day_2:34,0.00014438909169077366
categorical__Time of Day_20:49,0.00014427213726944042
categorical__Time of Day_20:53,0.00014425160332011245
categorical__Time of Day_10:12,0.00014419940610493968
categorical__Time of Day_22:54,0.00014416710624815633
categorical__Time of Day_7:28,0.00014394205397100194
categorical__Time of Day_4:11,0.00014377683902814546
categorical__Time of Day_8:50,0.0001436461341031019
categorical__Time of Day_22:1,0.00014345155317632198
categorical__Time of Day_3:24,0.00014337706883044878
categorical__Time of Day_21:23,0.0001433171543310068
categorical__Time of Day_10:15,0.00014297376650367326
categorical__Time of Day_15:23,0.00014272358204323764
categorical__Time of Day_20:43,0.00014257815037431896
categorical__Time of Day_0:50,0.00014227636428403454
categorical__Time of Day_11:22,0.00014219210357346076
categorical__Time of Day_12:15,0.00014190334737120512
categorical__Time of Day_20:45,0.00014160392178596474
categorical__Time of Day_5:38,0.00014098603761611116
categorical__Time of Day_16:36,0.0001408135567277978
categorical__Time of Day_13:8,0.00014076450770680497
categorical__Time of Day_0:52,0.00014013201722963583
categorical__Time of Day_15:55,0.00014006032411906832
categorical__Time of Day_19:5,0.00013998677534560056
categorical__Time of Day_8:28,0.00013971672266634052
categorical__Time of Day_13:55,0.00013955122693432622
categorical__Time of Day_21:55,0.0001392773678734822
categorical__Time of Day_17:24,0.00013927703352137045
categorical__Time of Day_17:8,0.0001392058663927976
categorical__Time of Day_22:59,0.00013910121741837105
categorical__Time of Day_22:28,0.00013898799925071996
categorical__Time of Day_23:4,0.00013898055564090132
categorical__Time of Day_22:0,0.0001387771774722053
categorical__Time of Day_4:0,0.00013875824521069612
categorical__Time of Day_16:18,0.00013874275813156734
categorical__Time of Day_1:49,0.00013830389930820505
categorical__Time of Day_5:27,0.00013812535807673304
categorical__Time of Day_1:24,0.00013810638799814686
categorical__Time of Day_21:19,0.00013775096787055764
categorical__Time of Day_14:1,0.00013760008907655728
categorical__Time of Day_7:11,0.0001373805642235444
categorical__Time of Day_14:28,0.00013721188626848366
categorical__Time of Day_5:42,0.00013689734233654296
categorical__Time of Day_21:40,0.00013603280928508717
categorical__Time of Day_9:4,0.00013572620761745726
categorical__Time of Day_17:57,0.00013537626639502067
categorical__Time of Day_21:59,0.0001350473946052255
categorical__Time of Day_18:20,0.000135042714307371
categorical__Time of Day_23:14,0.00013502221773524476
categorical__Time of Day_8:3,0.0001349837031097338
categorical__Time of Day_0:7,0.00013457744274890325
categorical__Time of Day_13:12,0.0001343445325315824
categorical__Time of Day_3:59,0.00013422173468501146
categorical__Time of Day_9:9,0.00013402264379589748
categorical__Time of Day_18:7,0.00013360763451005547
categorical__Time of Day_2:15,0.00013356773144223983
categorical__Time of Day_13:34,0.00013330315146482525
categorical__Time of Day_17:18,0.00013289810896878606
categorical__Time of Day_16:13,0.00013288935664723542
categorical__Time of Day_3:47,0.00013286516418903468
categorical__Time of Day_1:57,0.00013268278230422128
categorical__Time of Day_18:58,0.00013242595063842763
categorical__Time of Day_2:57,0.00013231569000704595
categorical__Time of Day_4:46,0.00013222064695713013
categorical__Time of Day_18:0,0.0001316787749741159
categorical__Time of Day_19:6,0.00013149303141515655
categorical__Time of Day_15:6,0.0001314491058663445
categorical__Time of Day_3:9,0.00013124491589201856
categorical__Time of Day_15:2,0.00013124084402394088
categorical__Time of Day_3:34,0.00013111439592276505
categorical__Time of Day_5:12,0.00013111058355511307
categorical__Time of Day_9:34,0.0001305364461985328
categorical__Time of Day_10:30,0.00013028103394832895
categorical__Time of Day_5:31,0.00012977540120208696
categorical__Time of Day_19:2,0.00012964714005030402
categorical__Time of Day_10:56,0.00012956828202487908
categorical__Time of Day_23:37,0.00012935845542726032
categorical__Time of Day_4:36,0.00012932469889088136
categorical__Time of Day_16:11,0.0001289044448102709
categorical__Time of Day_9:37,0.00012871883156371074
categorical__Time of Day_0:51,0.00012856390583797467
categorical__Time of Day_23:39,0.00012832826147238436
categorical__Time of Day_17:2,0.00012814362908269793
categorical__Time of Day_15:15,0.0001279065564113181
categorical__Time of Day_20:54,0.0001274045664784457
categorical__Time of Day_13:44,0.0001265386746217977
categorical__Time of Day_23:0,0.00012642878057077665
categorical__Time of Day_2:5,0.00012605967404611843
categorical__Time of Day_4:9,0.00012592978862209953
categorical__Time of Day_9:2,0.00012590229640426764
categorical__Time of Day_17:23,0.00012549618274481692
categorical__Time of Day_19:50,0.00012542527332669694
categorical__Time of Day_2:33,0.00012520370441550612
categorical__Time of Day_2:1,0.00012502179379735294
categorical__Time of Day_12:9,0.00012497473127440773
categorical__Time of Day_11:7,0.00012407963690002618
categorical__Time of Day_17:12,0.00012372130522749717
categorical__Time of Day_21:29,0.0001235542394369819
categorical__Time of Day_7:0,0.000123029600042497
categorical__Time of Day_14:15,0.00012295728972070948
categorical__Time of Day_13:58,0.00012289693042065927
categorical__Time of Day_4:7,0.00012247902994628177
categorical__Time of Day_2:41,0.00012200922804176267
categorical__Time of Day_15:24,0.00012175520071651844
categorical__Time of Day_1:53,0.00012173907166649294
categorical__Time of Day_9:59,0.00012097162636832829
categorical__Time of Day_12:55,0.00012094210974212945
categorical__Time of Day_8:5,0.00012072536752088378
categorical__Time of Day_23:11,0.00012071948206577924
categorical__Time of Day_1:12,0.0001203346521770356
categorical__Time of Day_22:21,0.0001198954030759264
categorical__Time of Day_18:56,0.0001198499043200543
categorical__Time of Day_22:55,0.00011915862744791279
categorical__Time of Day_20:59,0.0001190093551982772
categorical__Time of Day_14:17,0.00011889439529850804
categorical__Time of Day_1:47,0.0001188087495853906
categorical__Time of Day_6:52,0.00011873198579144714
categorical__Time of Day_22:2,0.00011869512459439779
categorical__Time of Day_7:10,0.0001186048734473357
categorical__Time of Day_10:50,0.00011847146683948331
categorical__Time of Day_14:4,0.0001184325093488458
categorical__Time of Day_15:21,0.00011843028157682389
categorical__Time of Day_7:30,0.0001183398337810948
categorical__Time of Day_6:7,0.00011814826542811256
categorical__Time of Day_2:2,0.00011784648231539236
categorical__Time of Day_5:17,0.00011771511821180194
categorical__Time of Day_23:47,0.00011731763009052141
categorical__Time of Day_21:15,0.00011726322866060981
categorical__Time of Day_0:17,0.00011680474468912535
categorical__Time of Day_14:41,0.00011652628059372712
categorical__Time of Day_9:25,0.00011652396603442099
categorical__Time of Day_1:29,0.000116014375283465
categorical__Time of Day_5:51,0.00011588089914486075
categorical__Time of Day_3:4,0.00011544388000052622
categorical__Time of Day_10:49,0.00011509479437334498
categorical__Time of Day_3:30,0.00011487650642723774
categorical__Time of Day_11:18,0.00011470995005194669
categorical__Time of Day_21:11,0.00011455687672523314
categorical__Time of Day_4:28,0.00011448411713174893
categorical__Time of Day_15:35,0.00011429812399252058
categorical__Time of Day_6:59,0.00011410217620819987
categorical__Time of Day_9:45,0.00011335172743389375
categorical__Time of Day_5:25,0.00011330738496867164
categorical__Time of Day_15:45,0.00011330085450086665
categorical__Time of Day_3:26,0.00011299893562338639
categorical__Time of Day_3:12,0.00011296512340104368
categorical__Time of Day_0:40,0.00011263458154046556
categorical__Time of Day_9:31,0.00011259842875279539
categorical__Time of Day_19:46,0.00011236263171553819
categorical__Time of Day_1:14,0.00011226862777553845
categorical__Time of Day_23:55,0.00011225010134806912
categorical__Time of Day_10:41,0.00011224153849222088
categorical__Time of Day_22:32,0.0001120534526452087
categorical__Time of Day_16:10,0.00011184355126471555
categorical__Time of Day_9:51,0.00011121562885638172
categorical__Time of Day_10:39,0.0001109999828966511
categorical__Time of Day_14:36,0.00011094022367187264
categorical__Time of Day_17:3,0.00011089344319845806
categorical__Time of Day_20:35,0.00011060340308788825
categorical__Time of Day_21:57,0.00011053385523028089
categorical__Time of Day_8:31,0.0001101252503549495
categorical__Time of Day_1:16,0.00010943732334315786
categorical__Time of Day_3:56,0.00010925123843569389
categorical__Time of Day_20:3,0.00010902286466067397
categorical__Time of Day_11:4,0.00010880001124235813
categorical__Time of Day_5:28,0.00010869602087348712
categorical__Time of Day_9:57,0.00010807787859164193
categorical__Time of Day_17:4,0.00010789068185363626
categorical__Time of Day_8:24,0.00010786264956200686
categorical__Time of Day_12:29,0.00010782819745572152
categorical__Time of Day_5:44,0.0001071628502949225
categorical__Time of Day_3:44,0.00010712521482295339
categorical__Time of Day_22:6,0.0001067143623456178
categorical__Time of Day_20:20,0.00010655947872625313
categorical__Time of Day_23:5,0.00010648725650642074
categorical__Time of Day_20:6,0.0001064219484012692
categorical__Time of Day_13:2,0.0001061902739088004
categorical__Time of Day_2:11,0.0001061753104062676
categorical__Time of Day_5:3,0.00010591793874428507
categorical__Time of Day_18:40,0.00010558962215627039
categorical__Time of Day_4:23,0.00010543571778569484
categorical__Time of Day_1:59,0.00010515424890516658
categorical__Time of Day_7:59,0.00010508759353663926
categorical__Time of Day_16:17,0.00010506274498464405
categorical__Time of Day_21:9,0.00010493953831282354
categorical__Time of Day_20:46,0.00010490009234009828
categorical__Time of Day_18:5,0.00010486486344250477
categorical__Time of Day_8:13,0.00010450837943523734
categorical__Time of Day_0:15,0.00010434877038758008
categorical__Time of Day_8:46,0.00010428952324485545
categorical__Time of Day_15:13,0.00010416731510090557
categorical__Time of Day_10:55,0.00010398316662283354
categorical__Time of Day_17:22,0.00010377564341873823
categorical__Time of Day_13:21,0.00010363450219767532
categorical__Time of Day_17:43,0.00010356697342989988
categorical__Time of Day_4:51,0.00010344901675921666
categorical__Time of Day_4:56,0.00010331912369874078
categorical__Time of Day_14:50,0.00010318492007887933
categorical__Time of Day_11:30,0.00010272195739959294
categorical__Time of Day_13:50,0.00010259609384491188
categorical__Time of Day_12:24,0.0001023889174021919
categorical__Time of Day_4:31,0.00010223123918896437
categorical__Time of Day_7:13,0.00010220158736299335
categorical__Time of Day_0:47,0.00010217418584236285
categorical__Time of Day_7:32,0.00010189859832759334
categorical__Time of Day_8:58,0.00010179968090004128
categorical__Time of Day_8:21,0.00010177778370588363
categorical__Time of Day_1:17,0.0001014913282046435
categorical__Time of Day_7:31,0.0001012653046502348
categorical__Time of Day_17:5,0.00010106307946673356
categorical__Time of Day_1:15,0.00010105209886047206
categorical__Time of Day_19:25,0.00010096919578476904
categorical__Time of Day_8:40,0.00010096738082139296
categorical__Time of Day_8:43,0.00010080822527365891
categorical__Time of Day_23:45,0.00010040742417917153
categorical__Time of Day_3:21,0.00010002958136835752
categorical__Time of Day_17:19,0.00010000603163999782
categorical__Time of Day_4:45,9.984083050235052e-05
categorical__Time of Day_19:31,9.969160242989525e-05
categorical__Time of Day_18:29,9.954309179969649e-05
categorical__Time of Day_11:36,9.948578755613436e-05
categorical__Time of Day_6:11,9.93503227528097e-05
categorical__Time of Day_20:24,9.923669135067675e-05
categorical__Time of Day_21:38,9.916895479734807e-05
categorical__Time of Day_16:59,9.914784250831472e-05
categorical__Time of Day_15:52,9.914740009131792e-05
categorical__Time of Day_8:35,9.890081362262349e-05
categorical__Time of Day_0:29,9.88775926783529e-05
categorical__Time of Day_6:27,9.877677089396797e-05
categorical__Time of Day_3:19,9.854196919487852e-05
categorical__Time of Day_0:24,9.823016948026408e-05
categorical__Time of Day_1:26,9.813390723029626e-05
categorical__Time of Day_13:13,9.799782856543821e-05
categorical__Time of Day_4:26,9.790709144152643e-05
categorical__Time of Day_23:24,9.783071262998871e-05
categorical__Time of Day_5:23,9.707249342087719e-05
categorical__Time of Day_1:35,9.665802973467179e-05
categorical__Time of Day_13:22,9.664750956052459e-05
categorical__Time of Day_2:44,9.653244054027943e-05
categorical__Time of Day_16:54,9.627689204521157e-05
categorical__Time of Day_13:53,9.607526107051867e-05
categorical__Time of Day_1:2,9.583314056450833e-05
categorical__Time of Day_13:10,9.564315018821959e-05
categorical__Time of Day_8:42,9.539240930004616e-05
categorical__Time of Day_3:20,9.529418467523403e-05
categorical__Time of Day_23:29,9.521893185072862e-05
categorical__Time of Day_3:7,9.483466177724404e-05
categorical__Time of Day_15:46,9.467848454351873e-05
categorical__Time of Day_2:38,9.410898723697255e-05
categorical__Time of Day_14:56,9.383571505203733e-05
categorical__Time of Day_8:49,9.326649684557854e-05
categorical__Time of Day_23:10,9.256342186950343e-05
categorical__Time of Day_20:10,9.23266330030601e-05
categorical__Time of Day_23:46,9.182146363108293e-05
categorical__Time of Day_1:28,9.175943153948344e-05
categorical__Time of Day_21:36,9.165432873644822e-05
categorical__Time of Day_11:3,9.159402492372375e-05
categorical__Time of Day_21:31,9.129292092954006e-05
categorical__Time of Day_23:42,9.106680256314166e-05
categorical__Time of Day_3:1,9.102062217788202e-05
categorical__Time of Day_20:1,9.101766776941028e-05
categorical__Time of Day_1:11,9.075143268905861e-05
categorical__Time of Day_5:10,9.0685082728855e-05
categorical__Time of Day_19:38,9.068118855139345e-05
categorical__Time of Day_5:47,9.067372057172865e-05
categorical__Time of Day_0:55,9.044004590445524e-05
categorical__Time of Day_22:9,9.031820672067969e-05
categorical__Time of Day_4:33,9.016516331539166e-05
categorical__Time of Day_14:9,9.008424408734917e-05
categorical__Time of Day_4:17,9.003369671171726e-05
categorical__Time of Day_4:48,9.002602435794725e-05
categorical__Time of Day_9:46,8.959830125030174e-05
categorical__Time of Day_19:18,8.958506532796188e-05
categorical__Time of Day_2:29,8.926750525910408e-05
categorical__Time of Day_11:59,8.904800205316877e-05
categorical__Time of Day_21:46,8.903076233288197e-05
categorical__Time of Day_8:18,8.891303508455231e-05
categorical__Time of Day_19:35,8.856502156432089e-05
categorical__Time of Day_18:43,8.822752162052479e-05
categorical__Time of Day_3:45,8.813249136542143e-05
categorical__Time of Day_1:9,8.807822283100517e-05
categorical__Time of Day_6:10,8.807576293266561e-05
categorical__Time of Day_14:44,8.798452673946149e-05
categorical__Time of Day_15:58,8.738528819380858e-05
categorical__Time of Day_23:26,8.712671607050466e-05
categorical__Time of Day_22:20,8.708260880331189e-05
categorical__Time of Day_3:55,8.707427928356036e-05
categorical__Time of Day_23:9,8.696490558072457e-05
categorical__Time of Day_17:36,8.691589215041194e-05
categorical__Time of Day_17:15,8.686374456672533e-05
categorical__Time of Day_17:39,8.671222556393818e-05
categorical__Time of Day_11:41,8.668363105315276e-05
categorical__Time of Day_3:14,8.667676562265904e-05
categorical__Time of Day_14:40,8.666709303135725e-05
categorical__Time of Day_19:44,8.633589286764377e-05
categorical__Time of Day_6:20,8.629248874578402e-05
categorical__Time of Day_21:10,8.627108449878278e-05
categorical__Time of Day_21:26,8.625320725494829e-05
categorical__Time of Day_4:47,8.616749334335375e-05
categorical__Time of Day_6:25,8.610749184885157e-05
categorical__Time of Day_11:40,8.601681849662658e-05
categorical__Time of Day_19:58,8.572671332254328e-05
categorical__Time of Day_5:21,8.552262156050096e-05
categorical__Time of Day_9:5,8.547096030458698e-05
categorical__Time of Day_8:26,8.522017670019164e-05
categorical__Time of Day_13:0,8.515405778658067e-05
categorical__Time of Day_8:11,8.515219209338855e-05
categorical__Time of Day_13:14,8.509892745215654e-05
categorical__Time of Day_15:49,8.467072999432122e-05
categorical__Time of Day_15:27,8.454825743348648e-05
categorical__Time of Day_15:47,8.452044414325685e-05
categorical__Time of Day_8:51,8.40265381837633e-05
categorical__Time of Day_17:53,8.380118862036671e-05
categorical__Time of Day_7:48,8.371786206381687e-05
categorical__Time of Day_8:57,8.357049991596987e-05
categorical__Time of Day_16:46,8.344675421878153e-05
categorical__Time of Day_10:35,8.324143500180672e-05
categorical__Time of Day_19:10,8.322416160799427e-05
categorical__Time of Day_2:8,8.281792483853687e-05
categorical__Time of Day_17:54,8.25934748289417e-05
categorical__Time of Day_15:53,8.243789558029558e-05
categorical__Time of Day_7:23,8.165914887267352e-05
categorical__Time of Day_1:55,8.134229847942367e-05
categorical__Time of Day_1:48,8.12230758451276e-05
categorical__Time of Day_10:8,8.107065935050287e-05
categorical__Time of Day_12:8,8.099203812660123e-05
categorical__Time of Day_6:47,8.098529119186404e-05
categorical__Time of Day_14:13,8.096568804974257e-05
categorical__Time of Day_1:20,8.093616694755781e-05
categorical__Time of Day_13:45,8.072803840548271e-05
categorical__Time of Day_7:45,8.067197109157246e-05
categorical__Time of Day_10:44,8.066605953550576e-05
categorical__Time of Day_6:34,8.049619815047344e-05
categorical__Time of Day_18:36,8.048295098944945e-05
categorical__Time of Day_8:20,8.007985111098963e-05
categorical__Time of Day_12:21,8.007790688917624e-05
categorical__Time of Day_15:39,8.006018011887651e-05
categorical__Time of Day_12:51,7.964866611291844e-05
categorical__Time of Day_12:59,7.952126865566869e-05
categorical__Time of Day_9:56,7.928444554004902e-05
categorical__Time of Day_8:33,7.927075004775607e-05
categorical__Time of Day_22:42,7.916526555896007e-05
categorical__Time of Day_4:50,7.915989557093228e-05
categorical__Time of Day_6:57,7.915372674857102e-05
categorical__Time of Day_7:36,7.907260670200582e-05
categorical__Time of Day_7:4,7.890322905161814e-05
categorical__Time of Day_16:42,7.872899958099002e-05
categorical__Time of Day_19:4,7.87121412773914e-05
categorical__Time of Day_7:46,7.861990139825594e-05
categorical__Time of Day_12:53,7.855170892547896e-05
categorical__Time of Day_15:36,7.838460019960664e-05
categorical__Time of Day_23:23,7.836417887611589e-05
categorical__Time of Day_22:31,7.83035487946428e-05
categorical__Time of Day_19:27,7.81996251841257e-05
categorical__Time of Day_3:13,7.80369207472177e-05
categorical__Time of Day_21:50,7.743190346480432e-05
categorical__Time of Day_4:1,7.723597189386769e-05
categorical__Time of Day_16:41,7.718849590254572e-05
categorical__Time of Day_7:33,7.716651681591207e-05
categorical__Time of Day_16:26,7.71553705210737e-05
categorical__Time of Day_7:7,7.693140106220685e-05
categorical__Time of Day_5:19,7.686030100306081e-05
categorical__Time of Day_18:41,7.68264533058344e-05
categorical__Time of Day_3:16,7.67511813205224e-05
categorical__Time of Day_20:32,7.667927123002496e-05
categorical__Time of Day_2:10,7.667907314076013e-05
categorical__Time of Day_0:2,7.66487268914592e-05
categorical__Time of Day_21:30,7.646118579990217e-05
categorical__Time of Day_1:42,7.642401634572725e-05
categorical__Time of Day_6:28,7.629597895097295e-05
categorical__Time of Day_9:10,7.586666118470458e-05
categorical__Time of Day_1:46,7.573991001947425e-05
categorical__Time of Day_21:3,7.571495593316103e-05
categorical__Time of Day_8:55,7.569272067487303e-05
categorical__Time of Day_6:14,7.560872620266533e-05
categorical__Time of Day_5:48,7.559934675774947e-05
categorical__Time of Day_16:45,7.556395780921385e-05
categorical__Time of Day_9:27,7.539057410951486e-05
categorical__Time of Day_21:51,7.535741877257332e-05
categorical__Time of Day_9:15,7.516705970286382e-05
categorical__Time of Day_16:47,7.504159803151746e-05
categorical__Time of Day_23:35,7.501182002885141e-05
categorical__Time of Day_6:5,7.496568481540241e-05
categorical__Time of Day_14:26,7.488906750634503e-05
categorical__Time of Day_11:37,7.468819364846933e-05
categorical__Time of Day_15:29,7.462396807903297e-05
categorical__Time of Day_9:29,7.4583863256166e-05
categorical__Time of Day_18:1,7.45408441773823e-05
categorical__Time of Day_11:43,7.447377664579633e-05
categorical__Time of Day_12:2,7.444875968269784e-05
categorical__Time of Day_3:37,7.423375323682929e-05
categorical__Time of Day_10:28,7.42246890585219e-05
categorical__Time of Day_19:49,7.412950042188113e-05
categorical__Time of Day_19:20,7.40376115843427e-05
categorical__Time of Day_1:50,7.394731274291056e-05
categorical__Time of Day_17:42,7.388780770832785e-05
categorical__Time of Day_3:8,7.386035594739196e-05
categorical__Time of Day_2:52,7.378301808268881e-05
categorical__Time of Day_17:1,7.375904027890763e-05
categorical__Time of Day_23:22,7.372578666573465e-05
categorical__Time of Day_18:13,7.363157605271986e-05
categorical__Time of Day_14:37,7.362089563756478e-05
categorical__Time of Day_18:53,7.36152346309817e-05
categorical__Time of Day_10:25,7.359841421261426e-05
categorical__Time of Day_23:8,7.358093894121795e-05
categorical__Time of Day_23:38,7.353023216548175e-05
categorical__Time of Day_22:45,7.343572993744166e-05
categorical__Time of Day_22:50,7.338638047986412e-05
categorical__Time of Day_14:29,7.336690415635955e-05
categorical__Time of Day_8:22,7.331651489408527e-05
categorical__Time of Day_23:52,7.330819974585826e-05
categorical__Time of Day_11:47,7.313853347197587e-05
categorical__Time of Day_11:50,7.294174177732952e-05
categorical__Time of Day_17:11,7.259594674775434e-05
categorical__Time of Day_19:13,7.24837583034953e-05
categorical__Time of Day_19:39,7.1972497943406e-05
categorical__Time of Day_23:56,7.177381598319387e-05
categorical__Time of Day_17:46,7.177076375652383e-05
categorical__Time of Day_23:49,7.168934915553643e-05
categorical__Time of Day_5:9,7.146791519361004e-05
categorical__Time of Day_20:52,7.145863700440097e-05
categorical__Time of Day_6:51,7.123618782268002e-05
categorical__Time of Day_3:3,7.096441664416082e-05
categorical__Time of Day_10:3,7.083342532699081e-05
categorical__Time of Day_16:52,7.059988296553012e-05
categorical__Time of Day_14:24,7.056484472989581e-05
categorical__Time of Day_1:13,7.047606703252346e-05
categorical__Time of Day_10:16,7.033248303098328e-05
categorical__Time of Day_7:44,7.011849790448982e-05
categorical__Time of Day_9:19,7.007605799178909e-05
categorical__Time of Day_21:6,6.987980671316834e-05
categorical__Time of Day_3:48,6.980605623804688e-05
categorical__Time of Day_15:11,6.97528117732869e-05
categorical__Time of Day_14:18,6.971540559915171e-05
categorical__Time of Day_22:4,6.94815065427268e-05
categorical__Time of Day_23:40,6.935964254929995e-05
categorical__Time of Day_15:10,6.907101757167815e-05
categorical__Time of Day_3:17,6.899082785870165e-05
categorical__Time of Day_2:58,6.896034348073615e-05
categorical__Time of Day_7:58,6.870425916351737e-05
categorical__Time of Day_14:8,6.866679353218316e-05
categorical__Time of Day_2:45,6.859029070256993e-05
categorical__Time of Day_15:56,6.854142487018097e-05
categorical__Time of Day_20:39,6.83803837205038e-05
categorical__Time of Day_12:16,6.827377011501172e-05
categorical__Time of Day_10:37,6.820159567963133e-05
categorical__Time of Day_8:39,6.817156716958679e-05
categorical__Time of Day_10:46,6.811223333576488e-05
categorical__Time of Day_9:12,6.798314827253866e-05
categorical__Time of Day_13:20,6.7890123590396e-05
categorical__Time of Day_21:8,6.7843412684282e-05
categorical__Time of Day_13:36,6.764386899791768e-05
categorical__Time of Day_9:17,6.758624069061281e-05
categorical__Time of Day_9:48,6.757024262173753e-05
categorical__Time of Day_23:41,6.747363301896033e-05
categorical__Time of Day_7:18,6.74056369553631e-05
categorical__Time of Day_13:33,6.72840473708875e-05
categorical__Time of Day_16:51,6.721326243527237e-05
categorical__Time of Day_15:7,6.698017812554102e-05
categorical__Time of Day_1:22,6.69380363684974e-05
categorical__Time of Day_4:14,6.67945329144945e-05
categorical__Time of Day_18:9,6.672508748282946e-05
categorical__Time of Day_2:49,6.66466547394909e-05
categorical__Time of Day_21:21,6.643883771338452e-05
categorical__Time of Day_5:32,6.643669016503901e-05
categorical__Time of Day_23:3,6.629003429826669e-05
categorical__Time of Day_18:2,6.623774720449791e-05
categorical__Time of Day_18:34,6.617060066470119e-05
categorical__Time of Day_18:32,6.602917502774359e-05
categorical__Time of Day_18:22,6.591849684610831e-05
categorical__Time of Day_10:40,6.55857440012217e-05
categorical__Time of Day_4:59,6.553767608266651e-05
categorical__Time of Day_7:29,6.549200842339118e-05
categorical__Time of Day_1:31,6.547327830913157e-05
categorical__Time of Day_7:17,6.54519157160418e-05
categorical__Time of Day_23:51,6.544220540246719e-05
categorical__Time of Day_12:30,6.538524129572588e-05
categorical__Time of Day_5:54,6.531593097259663e-05
categorical__Time of Day_8:47,6.528199669144361e-05
categorical__Time of Day_13:15,6.520361635900399e-05
categorical__Time of Day_3:31,6.517218850709822e-05
categorical__Time of Day_13:59,6.5159148243061e-05
categorical__Time of Day_21:53,6.505866065862792e-05
categorical__Time of Day_6:15,6.487995130542013e-05
categorical__Time of Day_19:8,6.487824222884538e-05
categorical__Time of Day_0:36,6.451745695026027e-05
categorical__Time of Day_6:2,6.421711991394727e-05
categorical__Time of Day_19:0,6.401220404369497e-05
categorical__Time of Day_21:35,6.374233866508155e-05
categorical__Time of Day_3:0,6.368250591453018e-05
categorical__Time of Day_17:51,6.364611170882648e-05
categorical__Time of Day_17:26,6.342251318190507e-05
categorical__Time of Day_23:21,6.337482103402077e-05
categorical__Time of Day_0:48,6.328011259343612e-05
categorical__Time of Day_23:27,6.324008074115417e-05
categorical__Time of Day_21:0,6.32164658322303e-05
categorical__Time of Day_15:50,6.316577852806226e-05
categorical__Time of Day_2:0,6.314244433708462e-05
categorical__Time of Day_21:20,6.302636063684682e-05
categorical__Time of Day_17:34,6.297063834604756e-05
categorical__Time of Day_7:55,6.22950357470127e-05
categorical__Time of Day_0:45,6.20824261231659e-05
categorical__Time of Day_22:44,6.180239735428904e-05
categorical__Time of Day_2:59,6.177353942978306e-05
categorical__Time of Day_1:32,6.176660042996868e-05
categorical__Time of Day_0:9,6.173138263348228e-05
categorical__Time of Day_5:56,6.161736694441403e-05
categorical__Time of Day_19:16,6.152108881315423e-05
categorical__Time of Day_1:45,6.144548836279812e-05
categorical__Time of Day_7:50,6.135855487755046e-05
categorical__Time of Day_18:44,6.1033828781566064e-05
categorical__Time of Day_17:27,6.0990750338189914e-05
categorical__Time of Day_1:34,6.097164313890551e-05
categorical__Time of Day_18:54,6.081137705759401e-05
categorical__Time of Day_2:23,6.027306756998109e-05
categorical__Time of Day_1:33,6.024195401506627e-05
categorical__Time of Day_8:25,6.0135200946636825e-05
categorical__Time of Day_20:25,6.011623086888412e-05
categorical__Time of Day_6:56,5.966592904015675e-05
categorical__Time of Day_23:19,5.943183462635978e-05
categorical__Time of Day_9:28,5.910234624937334e-05
categorical__Time of Day_22:47,5.896866337151525e-05
categorical__Time of Day_5:13,5.856596992574584e-05
categorical__Time of Day_8:19,5.838716337213721e-05
categorical__Time of Day_14:2,5.83217613516978e-05
categorical__Time of Day_13:35,5.8212272901505665e-05
categorical__Time of Day_19:52,5.802778593321924e-05
categorical__Time of Day_5:57,5.778387396404724e-05
categorical__Time of Day_18:39,5.7671583432241305e-05
categorical__Time of Day_10:5,5.748852586123242e-05
categorical__Time of Day_19:41,5.7473326604115636e-05
categorical__Time of Day_19:36,5.7406790597547016e-05
categorical__Time of Day_14:51,5.740553440238534e-05
categorical__Time of Day_2:20,5.7339721151550796e-05
categorical__Time of Day_16:55,5.712354972359601e-05
categorical__Time of Day_20:51,5.7096094352163943e-05
categorical__Time of Day_9:24,5.6685575817104186e-05
categorical__Time of Day_10:59,5.641980725824951e-05
categorical__Time of Day_7:16,5.5869835156891224e-05
categorical__Time of Day_12:49,5.5361487725472904e-05
categorical__Time of Day_20:14,5.532368392279136e-05
categorical__Time of Day_2:37,5.531885849625118e-05
categorical__Time of Day_6:35,5.527564846278038e-05
categorical__Time of Day_21:56,5.524514816740053e-05
categorical__Time of Day_22:39,5.522800597514629e-05
categorical__Time of Day_18:19,5.4632065715325374e-05
categorical__Time of Day_16:9,5.456469387858036e-05
categorical__Time of Day_21:2,5.447993836210681e-05
categorical__Time of Day_11:57,5.446339807808948e-05
categorical__Time of Day_6:21,5.435813168059999e-05
categorical__Time of Day_21:22,5.422453306116309e-05
categorical__Time of Day_10:58,5.395153285951715e-05
categorical__Time of Day_2:31,5.378795520427185e-05
categorical__Time of Day_12:11,5.339824114129167e-05
categorical__Time of Day_22:3,5.323870226833873e-05
categorical__Time of Day_10:19,5.3229360240952e-05
categorical__Time of Day_23:13,5.321486063739468e-05
categorical__Time of Day_11:13,5.3119577655842143e-05
categorical__Time of Day_17:35,5.2869158223426174e-05
categorical__Time of Day_20:4,5.2840171819963634e-05
categorical__Time of Day_16:34,5.283535829608346e-05
categorical__Time of Day_10:7,5.2826568080626335e-05
categorical__Time of Day_12:42,5.2775672447022174e-05
categorical__Time of Day_18:6,5.229663829908828e-05
categorical__Time of Day_0:27,5.2130090414080794e-05
categorical__Time of Day_19:45,5.20746737081403e-05
categorical__Time of Day_15:31,5.16448569772741e-05
categorical__Time of Day_12:20,5.161846511577073e-05
categorical__Time of Day_6:40,5.1184266734870895e-05
categorical__Time of Day_8:56,5.111098761313597e-05
categorical__Time of Day_14:31,5.05456419111633e-05
categorical__Time of Day_22:14,5.043965743101423e-05
categorical__Time of Day_12:54,5.033328975008667e-05
categorical__Time of Day_2:22,4.979769304298301e-05
categorical__Time of Day_16:35,4.9713957782164285e-05
categorical__Time of Day_7:3,4.96707445516401e-05
categorical__Time of Day_4:57,4.94824305590597e-05
categorical__Time of Day_21:13,4.9270449519146686e-05
categorical__Time of Day_14:6,4.9228839690427294e-05
categorical__Time of Day_9:42,4.8941984341922924e-05
categorical__Time of Day_12:48,4.89091257932218e-05
categorical__Time of Day_19:37,4.883969775289223e-05
categorical__Time of Day_18:18,4.8464389912731086e-05
categorical__Time of Day_0:1,4.844378392635195e-05
categorical__Time of Day_19:15,4.839612820525981e-05
categorical__Time of Day_5:45,4.8247892587574125e-05
categorical__Time of Day_13:42,4.808907356608693e-05
categorical__Time of Day_20:28,4.754082462392522e-05
categorical__Time of Day_15:43,4.719790780548097e-05
categorical__Time of Day_13:24,4.7089786813574833e-05
categorical__Time of Day_20:9,4.6874726391728145e-05
categorical__Time of Day_12:14,4.68641005237266e-05
categorical__Time of Day_15:30,4.67064243452973e-05
categorical__Time of Day_12:44,4.659158792670369e-05
categorical__Time of Day_20:36,4.6549354169463706e-05
categorical__Time of Day_11:44,4.6222872432883314e-05
categorical__Time of Day_21:17,4.603587344490489e-05
categorical__Time of Day_9:14,4.603275818347411e-05
categorical__Time of Day_11:55,4.597367730495439e-05
categorical__Time of Day_0:42,4.579193869402391e-05
categorical__Time of Day_13:3,4.578194384002678e-05
categorical__Time of Day_18:31,4.555959926319492e-05
categorical__Time of Day_8:37,4.5497847939821245e-05
categorical__Time of Day_8:4,4.5272671356587235e-05
categorical__Time of Day_18:21,4.5253917522963383e-05
categorical__Time of Day_16:31,4.504639336178396e-05
categorical__Time of Day_3:2,4.471058031647002e-05
categorical__Time of Day_5:6,4.4566847995732566e-05
categorical__Time of Day_3:22,4.439968695197093e-05
categorical__Time of Day_16:5,4.419880613387405e-05
categorical__Time of Day_5:50,4.4163925842861324e-05
categorical__Time of Day_15:51,4.400599535943495e-05
categorical__Time of Day_7:12,4.329901634061976e-05
categorical__Time of Day_0:59,4.316245184288313e-05
categorical__Time of Day_9:20,4.2602032494359006e-05
categorical__Time of Day_12:39,4.2446861447336993e-05
categorical__Time of Day_21:27,4.231084410478643e-05
categorical__Time of Day_11:6,4.1723919312302146e-05
categorical__Time of Day_14:25,4.171893770574473e-05
categorical__Time of Day_6:9,4.13662617883427e-05
categorical__Time of Day_20:48,4.105527825435139e-05
categorical__Time of Day_7:22,4.100800488068569e-05
categorical__Time of Day_18:12,4.037511211334526e-05
categorical__Time of Day_17:28,4.034430987950749e-05
categorical__Time of Day_7:8,3.996021038418926e-05
categorical__Time of Day_18:15,3.955740053498287e-05
categorical__Time of Day_4:32,3.896352024463032e-05
categorical__Time of Day_4:42,3.88987131549379e-05
categorical__Time of Day_11:46,3.872292419659306e-05
categorical__Time of Day_12:34,3.7665177046296595e-05
categorical__Time of Day_2:16,3.755340001602357e-05
categorical__Time of Day_17:14,3.643341984741434e-05
categorical__Time of Day_17:58,3.577959729001811e-05
categorical__Time of Day_2:39,3.514993773650444e-05
categorical__Time of Day_13:57,3.5079530656504694e-05
categorical__Time of Day_3:53,3.387225419818192e-05
categorical__Time of Day_4:44,3.2321214475748296e-05
categorical__Time of Day_2:50,3.2263839290532214e-05
categorical__Time of Day_15:28,3.195174275256292e-05
categorical__Time of Day_12:19,3.169521278176939e-05
categorical__Time of Day_13:48,3.130470716438021e-05
categorical__Time of Day_6:26,3.026648559680619e-05
categorical__Time of Day_19:47,2.9255943044848907e-05
categorical__Time of Day_0:10,2.8605976803229094e-05
categorical__Time of Day_20:42,2.7142841516256308e-05
categorical__Time of Day_6:38,2.662218673000806e-05
categorical__Time of Day_11:5,2.5867173823704848e-05
categorical__Time of Day_9:53,2.242288133999821e-05
categorical__Time of Day_0:53,2.148832601994721e-05
categorical__Time of Day_4:38,1.8702403072191165e-05
categorical__Time of Day_23:59,1.833053114919307e-05
categorical__Time of Day_1:1,1.2767413993851422e-05
